t_exact,tau_exact,t_Explicit Euler,tau_Explicit Euler,t_Implicit Euler,tau_Implicit Euler,t_RK4,tau_RK4
0.0,0.0010132097255838083,0.0,0.0,0.0,0.0,0.0,0.0
0.002004008016032064,0.05051318891119705,0.005000000000000001,0.07512000000000002,0.005000000000000001,0.07033057378903344,0.005000000000000001,0.07267252953695641
0.004008016032064128,0.0714364368369291,0.010000000000000004,0.10926136319999999,0.010000000000000004,0.10609609797516316,0.010000000000000004,0.10767554076827765
0.0060120240480961915,0.08749140964651807,0.015000000000000008,0.13520040431616004,0.015000000000000008,0.1326991367976607,0.015000000000000008,0.13394758487065514
0.008016032064128256,0.10102637782239403,0.02000000000000001,0.1569460546935718,0.02000000000000001,0.15481973728989246,0.02000000000000001,0.1558812140232962
0.01002004008016032,0.11295092416572512,0.025000000000000015,0.17604000587246252,0.025000000000000015,0.17416043878973655,0.025000000000000015,0.1750988617013863
0.012024048096192383,0.12373153811324622,0.03000000000000002,0.1932633851146661,0.03000000000000002,0.19156146809437175,0.03000000000000002,0.19241130117470104
0.014028056112224447,0.1336453357878529,0.035000000000000024,0.2090763647593509,0.035000000000000024,0.20751002519991404,0.035000000000000024,0.20829224654486675
0.01603206412825651,0.14287287367385829,0.04000000000000003,0.22377688127880943,0.04000000000000003,0.22231832432049173,0.04000000000000003,0.22304679078924625
0.018036072144288574,0.1515395667335911,0.04500000000000003,0.23757086741342212,0.04500000000000003,0.23620062190919033,0.04500000000000003,0.23688504005825647
0.02004008016032064,0.1597367288377435,0.05000000000000004,0.2506076740530926,0.05000000000000004,0.2493114842625127,0.05000000000000004,0.2499589608232184
0.022044088176352703,0.16753329458278163,0.05500000000000004,0.2629996881662244,0.05500000000000004,0.2617667506606875,0.05500000000000004,0.2623826718111632
0.024048096192384766,0.17498281929303625,0.060000000000000046,0.2748339906605186,0.060000000000000046,0.2736558876563434,0.060000000000000046,0.2742444509625551
0.026052104208416832,0.18212789270652,0.06500000000000004,0.2861796762723363,0.06500000000000004,0.28504969573071637,0.06500000000000004,0.28561424922480666
0.028056112224448895,0.18900304641908797,0.07000000000000005,0.29709265774197496,0.07000000000000005,0.2960053406369251,0.07000000000000005,0.29654860856964094
0.03006012024048096,0.1956367394168953,0.07500000000000005,0.3076189354999291,0.07500000000000005,0.30656976290636895,0.07500000000000005,0.30709400167658313
0.03206412825651302,0.202052755644788,0.08000000000000006,0.31779689135769373,0.08000000000000006,0.31678206126055264,0.08000000000000006,0.31728917048815813
0.03406813627254509,0.20827121336764304,0.08500000000000006,0.32765893920775846,0.08500000000000006,0.32667520319096904,0.08500000000000006,0.32716680683928145
0.03607214428857715,0.21430931051078062,0.09000000000000007,0.3372327393324929,0.09000000000000007,0.33627728076521507,0.09000000000000007,0.3367547875298893
0.038076152304609215,0.22018188577985612,0.09500000000000007,0.34654210897136994,0.09500000000000007,0.3456124509719209,0.09500000000000007,0.3460770998345807
0.04008016032064128,0.22590184833132546,0.10000000000000007,0.3556077168787078,0.10000000000000007,0.3547016522939375,0.10000000000000007,0.35515454715418515
0.04208416833667334,0.23148051177872453,0.10500000000000008,0.36444762139433295,0.10500000000000008,0.3635631594322822,0.10500000000000008,0.3640052955171759
0.044088176352705406,0.2369278573466314,0.11000000000000008,0.37307769329792684,0.11000000000000008,0.37221301894772335,0.11000000000000008,0.3726453029342186
0.04609218436873747,0.2422527437194095,0.11500000000000009,0.3815119525958456,0.11500000000000009,0.3806653959380589,0.11500000000000009,0.3810886612270265
0.04809619238476953,0.2474630762160961,0.12000000000000009,0.3897628401537917,0.12000000000000009,0.3889328533245805,0.12000000000000009,0.38934787156742645
0.0501002004008016,0.2525659445306611,0.12500000000000008,0.3978414393847482,0.12500000000000008,0.3970265794325285,0.12500000000000008,0.39743406917065877
0.052104208416833664,0.25756773589426646,0.1300000000000001,0.4057576591863203,0.1300000000000001,0.40495657542045055,0.1300000000000001,0.40535720851770624
0.05410821643286573,0.2624742288155167,0.1350000000000001,0.4135203864564177,0.1350000000000001,0.4127318111725626,0.1350000000000001,0.41312621758053797
0.05611222444889779,0.2672906713228941,0.1400000000000001,0.4211376144480857,0.1400000000000001,0.4203603561462226,0.1400000000000001,0.4207491274301327
0.058116232464929855,0.27202184672930374,0.1450000000000001,0.4286165517167076,0.1450000000000001,0.4278494901176633,0.1450000000000001,0.4282331820791159
0.06012024048096192,0.2766721292665915,0.1500000000000001,0.43596371530418454,0.1500000000000001,0.43520579762681133,0.1500000000000001,0.43558493228512535
0.06212424849699398,0.2812455314327205,0.1550000000000001,0.44318501098287627,0.1550000000000001,0.4424352490718176,0.1550000000000001,0.4428103162045079
0.06412825651302605,0.2857457445105215,0.16000000000000011,0.45028580276812147,0.16000000000000011,0.44954327076572514,0.16000000000000011,0.44991472915925873
0.06613226452905811,0.29017617342256957,0.16500000000000012,0.4572709734459363,0.16500000000000012,0.45653480578478967,0.16500000000000012,0.4569030843069624
0.06813627254509018,0.29453996685888023,0.17000000000000012,0.4641449775117267,0.17000000000000012,0.46341436706968475,0.17000000000000012,0.46377986564344675
0.07014028056112225,0.29884004343624965,0.17500000000000013,0.4709118876474505,0.17500000000000013,0.4701860839577715,0.17500000000000013,0.47054917449170874
0.0721442885771543,0.3030791145081102,0.18000000000000013,0.477575435657491,0.18000000000000013,0.4768537431053499,0.18000000000000013,0.47721477041711297
0.07414829659318636,0.3072597041328423,0.18500000000000014,0.48413904862208346,0.18500000000000014,0.48342082458756164,0.18500000000000014,0.4837801073422889
0.07615230460921843,0.3113841666199208,0.19000000000000014,0.490605880900155,0.19000000000000014,0.48989053382878245,0.19000000000000014,0.490248365504067
0.0781563126252505,0.3154547020021215,0.19500000000000015,0.4969788425125142,0.19500000000000015,0.49626582990922163,0.19500000000000015,0.49662247979066754
0.08016032064128256,0.3194733697244694,0.20000000000000015,0.5032606243553069,0.20000000000000015,0.5025494507076331,0.20000000000000015,0.5029051649138687
0.08216432865731463,0.32344210079380453,0.20500000000000015,0.5094537206279096,0.20500000000000015,0.5087439352706541,0.20500000000000015,0.5090989378032744
0.08416833667334668,0.3273627085945466,0.21000000000000016,0.5155604488055491,0.21000000000000016,0.5148516437426747,0.21000000000000016,0.5152061375545578
0.08617234468937875,0.3312368985447444,0.21500000000000016,0.5215829674423318,0.21500000000000016,0.5208747751435573,0.21500000000000016,0.5212289432179549
0.08817635270541081,0.335066276740446,0.22000000000000017,0.5275232920530833,0.22000000000000017,0.5268153832428399,0.22000000000000017,0.5271693896753212
0.09018036072144288,0.3388523577147861,0.22500000000000017,0.5333833092909757,0.22500000000000017,0.5326753907466641,0.22500000000000017,0.5330293818221751
0.09218436873747494,0.342596571420119,0.23000000000000018,0.5391647896112031,0.23000000000000018,0.5384566019863505,0.23000000000000018,0.5388107072441568
0.09418837675350701,0.3463002695263631,0.23500000000000018,0.5448693985880974,0.23500000000000018,0.5441607142742996,0.23500000000000018,0.5445150475542966
0.09619238476953906,0.34996473111596305,0.24000000000000019,0.5504987070333621,0.24000000000000019,0.5497893280730113,0.24000000000000019,0.5501439885377146
0.09819639278557113,0.35359116784507344,0.2450000000000002,0.5560542000460279,0.2450000000000002,0.5553439561058902,0.2450000000000002,0.5556990292332858
0.1002004008016032,0.35718072863139966,0.25000000000000017,0.5615372851098377,0.25000000000000017,0.5608260315236648,0.25000000000000017,0.5611815900669664
0.10220440881763526,0.3607345039213134,0.25500000000000017,0.5669492993407693,0.25500000000000017,0.5662369152273458,0.25500000000000017,0.5665930201385266
0.10420841683366733,0.3642535295821835,0.2600000000000002,0.5722915159759561,0.2600000000000002,0.5715779024373507,0.2600000000000002,0.5719346037520934
0.1062124248496994,0.3677387904601142,0.2650000000000002,0.5775651501852127,0.2650000000000002,0.576850228588532,0.2650000000000002,0.57720756627093
0.10821643286573146,0.3711912236383608,0.2700000000000002,0.5827713642774751,0.2700000000000002,0.5820550746221174,0.2700000000000002,0.5824130793680901
0.11022044088176351,0.37461172142741356,0.2750000000000002,0.5879112723665941,0.2750000000000002,0.5871935717378822,0.2750000000000002,0.5875522657368006
0.11222444889779558,0.37800113411406433,0.2800000000000002,0.5929859445539619,0.2800000000000002,0.5922668056630533,0.2800000000000002,0.59262620331755
0.11422845691382764,0.3813602724935593,0.2850000000000002,0.5979964106792325,0.2850000000000002,0.597275820488415,0.2850000000000002,0.597635929092741
0.11623246492985971,0.38468991020615484,0.2900000000000002,0.6029436636849123,0.2900000000000002,0.6022216221167093,0.2900000000000002,0.6025824424943338
0.11823647294589178,0.38799078589696895,0.2950000000000002,0.607828662635684,0.2950000000000002,0.6071051813636598,0.2950000000000002,0.6074667084650761
0.12024048096192384,0.39126360521589015,0.3000000000000002,0.6126523354289624,0.3000000000000002,0.6119274367476835,0.3000000000000002,0.6122896602096021
0.1222444889779559,0.3945090426724529,0.3050000000000002,0.6174155812292912,0.3050000000000002,0.6166892970005783,0.3050000000000002,0.6170522016678489
0.12424849699398796,0.397727743358952,0.3100000000000002,0.6221192726557196,0.3100000000000002,0.6213916433280708,0.3100000000000002,0.6217552097398095
0.12625250501002003,0.40092032455364063,0.3150000000000002,0.6267642577481943,0.3150000000000002,0.6260353314461045,0.3150000000000002,0.6263995362875802
0.1282565130260521,0.4040873772145916,0.32000000000000023,0.6313513617362474,0.32000000000000023,0.6306211934160322,0.32000000000000023,0.6309860099379317
0.13026052104208416,0.4072294673736896,0.32500000000000023,0.6358813886307774,0.32500000000000023,0.6351500392994708,0.32500000000000023,0.6355154377061875
0.13226452905811623,0.41034713743924234,0.33000000000000024,0.6403551226575317,0.33000000000000024,0.6396226586514067,0.33000000000000024,0.6399886064600115
0.1342685370741483,0.41344090741482953,0.33500000000000024,0.6447733295489141,0.33500000000000024,0.6440398218682166,0.33500000000000024,0.6444062842397554
0.13627254509018036,0.41651127604123794,0.34000000000000025,0.6491367577089894,0.34000000000000025,0.6484022814055266,0.34000000000000025,0.6487692214502688
0.13827655310621242,0.41955872186765286,0.34500000000000025,0.653446139264978,0.34500000000000025,0.652710772879293,0.34500000000000025,0.6530781519375146
0.1402805611222445,0.42258370425766856,0.35000000000000026,0.6577021910171327,0.35000000000000026,0.6569660160620884,0.35000000000000026,0.657333793961932
0.14228456913827653,0.4255866643351449,0.35500000000000026,0.6619056152976249,0.35500000000000026,0.6611687157853481,0.35500000000000026,0.6615368510792452
0.1442885771543086,0.4285680258744562,0.36000000000000026,0.6660571007479533,0.36000000000000026,0.665319562757202,0.36000000000000026,0.6656880129382875
0.14629258517034066,0.43152819613925514,0.36500000000000027,0.6701573230233739,0.36500000000000027,0.6694192343045344,0.36500000000000027,0.6697879560044184
0.14829659318637273,0.4344675666734901,0.3700000000000003,0.6742069454319606,0.3700000000000003,0.6734683950470046,0.3700000000000003,0.6738373442162084
0.1503006012024048,0.43738651404808143,0.3750000000000003,0.6782066195150922,0.3750000000000003,0.6774676975099798,0.3750000000000003,0.677836829582264
0.15230460921843686,0.4402854005663485,0.3800000000000003,0.6821569855754572,0.3800000000000003,0.681417782682588,0.3800000000000003,0.6817870527243537
0.15430861723446893,0.443164574931017,0.3850000000000003,0.6860586731580076,0.3850000000000003,0.6853192805264844,0.3850000000000003,0.6856886433723419
0.156312625250501,0.4460243728753846,0.3900000000000003,0.6899123014887415,0.3900000000000003,0.6891728104403191,0.3900000000000003,0.6895422208158721
0.15831663326653306,0.44886511776101,0.3950000000000003,0.6937184798756563,0.3950000000000003,0.6929789816844012,0.3950000000000003,0.6933483943172175
0.16032064128256512,0.45168712114408816,0.4000000000000003,0.6974778080757751,0.4000000000000003,0.6967383937695742,0.4000000000000003,0.6971077634892631
0.1623246492985972,0.4544906833125018,0.4050000000000003,0.7011908766317266,0.4050000000000003,0.7004516368139125,0.4050000000000003,0.7008209186421612
0.16432865731462926,0.4572760937953752,0.4100000000000003,0.7048582671809963,0.4100000000000003,0.7041192918704711,0.4100000000000003,0.7044884411018424
0.16633266533066132,0.4600436318468177,0.4150000000000003,0.7084805527406379,0.4150000000000003,0.7077419312289871,0.4150000000000003,0.708110903503222
0.16833667334669336,0.46279356690540785,0.4200000000000003,0.7120582979699391,0.4200000000000003,0.7113201186941379,0.4200000000000003,0.7116888700606562
0.17034068136272543,0.46552615903085603,0.4250000000000003,0.7155920594132754,0.4250000000000003,0.7148544098426846,0.4250000000000003,0.71522289681793
0.1723446893787575,0.4682416593191733,0.4300000000000003,0.7190823857251436,0.4300000000000003,0.7183453522615926,0.4300000000000003,0.7187135318798189
0.17434869739478956,0.47094031029758027,0.43500000000000033,0.7225298178791753,0.43500000000000033,0.721793485769012,0.43500000000000033,0.7221613156270663
0.17635270541082163,0.47362234630029787,0.44000000000000034,0.7259348893627124,0.44000000000000034,0.7251993426197936,0.44000000000000034,0.7255667809164044
0.1783567134268537,0.4762879938262841,0.44500000000000034,0.7292981263583942,0.44500000000000034,0.7285634476970559,0.44500000000000034,0.7289304532671096
0.18036072144288576,0.4789374718799082,0.45000000000000034,0.7326200479140201,0.45000000000000034,0.7318863186911536,0.45000000000000034,0.7322528510353894
0.18236472945891782,0.48157099229548334,0.45500000000000035,0.7359011661018513,0.45500000000000035,0.7351684662672708,0.45500000000000035,0.7355344855778023
0.1843687374749499,0.48418876004652006,0.46000000000000035,0.7391419861683649,0.46000000000000035,0.7384103942227214,0.46000000000000035,0.7387758614047575
0.18637274549098196,0.4867909735405092,0.46500000000000036,0.7423430066753883,0.46500000000000036,0.7416125996349382,0.46500000000000036,0.7419774763250464
0.18837675350701402,0.48937782489998405,0.47000000000000036,0.745504719633435,0.47000000000000036,0.7447755730010364,0.47000000000000036,0.7451398215822624
0.1903807615230461,0.4919495002305727,0.47500000000000037,0.7486276106279746,0.47500000000000037,0.7478997983697268,0.47500000000000037,0.7482633819838658
0.19238476953907813,0.49450617987670115,0.48000000000000037,0.7517121589393047,0.48000000000000037,0.7509857534663008,0.48000000000000037,0.7513486360235813
0.1943887775551102,0.4970480386655728,0.4850000000000004,0.754758837656612,0.4850000000000004,0.7540339098113125,0.4850000000000004,0.7543960559977423
0.19639278557114226,0.499575246140008,0.4900000000000004,0.7577681137867539,0.4900000000000004,0.7570447328335346,0.4900000000000004,0.7574061081161318
0.19839679358717432,0.5020879667806968,0.4950000000000004,0.7607404483582337,0.4950000000000004,0.7600186819776988,0.4950000000000004,0.7603792526078124
0.2004008016032064,0.5045863602183847,0.5000000000000003,0.7636762965207974,0.5000000000000003,0.7629562108074829,0.5000000000000003,0.7633159438223944
0.20240480961923846,0.5070705814364822,0.5050000000000003,0.766576107641036,0.5050000000000003,0.7658577671041544,0.5050000000000003,0.7662166303271314
0.20440881763527052,0.509540780964558,0.5100000000000003,0.7694403253943302,0.5100000000000003,0.7687237929612502,0.5100000000000003,0.7690817550002089
0.2064128256513026,0.5119971050631575,0.5150000000000003,0.7722693878534478,0.5150000000000003,0.7715547248756188,0.5150000000000003,0.7719117551205429
0.20841683366733466,0.5144396959003591,0.5200000000000004,0.7750637275740725,0.5200000000000004,0.7743509938351302,0.5200000000000004,0.7747070624543739
0.21042084168336672,0.5168686917204549,0.5250000000000004,0.7778237716775056,0.5250000000000004,0.7771130254033257,0.5250000000000004,0.7774681033389245
0.2124248496993988,0.519284227005135,0.5300000000000004,0.7805499419307683,0.5300000000000004,0.7798412398012453,0.5300000000000004,0.7801952987633413
0.21442885771543085,0.5216864326275182,0.5350000000000004,0.7832426548242982,0.5350000000000004,0.782536051986657,0.5350000000000004,0.7828890644471407
0.21643286573146292,0.5240754359993682,0.5400000000000004,0.7859023216474295,0.5400000000000004,0.7851978717308806,0.5400000000000004,0.7855498109163436
0.21843687374749496,0.5264513612118068,0.5450000000000004,0.7885293485618052,0.5450000000000004,0.7878271036933946,0.5450000000000004,0.7881779435774642
0.22044088176352702,0.5288143291698272,0.5500000000000004,0.7911241366728784,0.5500000000000004,0.790424147494368,0.5500000000000004,0.7907738627895148
0.2224448897795591,0.5311644577208918,0.5550000000000004,0.7936870820996279,0.5550000000000004,0.7929893977852783,0.5550000000000004,0.7933379639341539
0.22444889779559116,0.5335018617778816,0.5600000000000004,0.7962185760426052,0.5600000000000004,0.7955232443177397,0.5600000000000004,0.7958706374841115
0.22645290581162322,0.5358266534366612,0.5650000000000004,0.7987190048504217,0.5650000000000004,0.7980260720106581,0.5650000000000004,0.7983722690699944
0.2284569138276553,0.5381389420884978,0.5700000000000004,0.8011887500847722,0.5700000000000004,0.800498261015819,0.5700000000000004,0.8008432395455815
0.23046092184368736,0.5404388345275697,0.5750000000000004,0.8036281885840777,0.5750000000000004,0.8029401867820087,0.5750000000000004,0.8032839250516933
0.23246492985971942,0.5427264350537883,0.5800000000000004,0.8060376925258295,0.5800000000000004,0.805352220117753,0.5800000000000004,0.8056946970787205
0.2344689378757515,0.5450018455711388,0.5850000000000004,0.8084176294877047,0.5850000000000004,0.8077347272527493,0.5850000000000004,0.8080759225278897
0.23647294589178355,0.5472651656817481,0.5900000000000004,0.810768362507517,0.5900000000000004,0.8100880698980691,0.5900000000000004,0.810427963771328
0.23847695390781562,0.549516492775864,0.5950000000000004,0.8130902501420586,0.5950000000000004,0.8124126053051944,0.5950000000000004,0.8127511787109934
0.24048096192384769,0.5517559221179342,0.6000000000000004,0.8153836465248911,0.6000000000000004,0.8147086863239397,0.6000000000000004,0.8150459208365242
0.24248496993987975,0.5539835469289559,0.6050000000000004,0.817648901423127,0.6050000000000004,0.8169766614593282,0.6050000000000004,0.8173125392820574
0.2444889779559118,0.5561994584652621,0.6100000000000004,0.8198863602932516,0.6100000000000004,0.8192168749274529,0.6100000000000004,0.8195513788820644
0.24649298597194386,0.5584037460939052,0.6150000000000004,0.8220963643360237,0.6150000000000004,0.8214296667103805,0.6150000000000004,0.8217627802262458
0.24849699398797592,0.5605964973647856,0.6200000000000004,0.8242792505504862,0.6200000000000004,0.8236153726101342,0.6200000000000004,0.8239470797135208
0.250501002004008,0.5627777980796719,0.6250000000000004,0.8264353517871285,0.6250000000000004,0.8257743243017898,0.6250000000000004,0.8261046096051508
0.25250501002004005,0.5649477323582491,0.6300000000000004,0.8285649968002223,0.6300000000000004,0.8279068493857246,0.6300000000000004,0.8282356980770273
0.2545090180360721,0.5671063827013259,0.6350000000000005,0.8306685102993694,0.6350000000000005,0.8300132714390465,0.6350000000000005,0.8303406692711519
0.2565130260521042,0.5692538300513265,0.6400000000000005,0.8327462130002752,0.6400000000000005,0.8320939100662276,0.6400000000000005,0.8324198433463388
0.25851703406813625,0.5713901538501878,0.6450000000000005,0.8347984216747817,0.6450000000000005,0.8341490809489841,0.6450000000000005,0.8344735365281636
0.2605210420841683,0.5735154320947731,0.6500000000000005,0.8368254492001777,0.6500000000000005,0.8361790958954065,0.6500000000000005,0.8365020611581793
0.2625250501002004,0.5756297413899145,0.6550000000000005,0.8388276046078045,0.6550000000000005,0.8381842628883776,0.6550000000000005,0.8385057257424258
0.26452905811623245,0.577733156999187,0.6600000000000005,0.8408051931309781,0.6600000000000005,0.8401648861332919,0.6600000000000005,0.840484834999247
0.2665330661322645,0.5798257528935137,0.6650000000000005,0.8427585162522535,0.6650000000000005,0.8421212661051,0.6650000000000005,0.8424396899064397
0.2685370741482966,0.5819076017976953,0.6700000000000005,0.8446878717500278,0.6700000000000005,0.8440536995946901,0.6700000000000005,0.8443705877477432
0.27054108216432865,0.58397877523496,0.6750000000000005,0.8465935537445177,0.6750000000000005,0.8459624797546322,0.6750000000000005,0.8462778221586986
0.2725450901803607,0.5860393435696141,0.6800000000000005,0.8484758527431152,0.6800000000000005,0.8478478961442877,0.6800000000000005,0.8481616831718781
0.2745490981963928,0.5880893760478806,0.6850000000000005,0.8503350556851369,0.6850000000000005,0.8497102347743155,0.6850000000000005,0.8500224572615068
0.27655310621242485,0.5901289408370044,0.6900000000000005,0.8521714459859782,0.6900000000000005,0.8515497781505716,0.6900000000000005,0.8518604273874931
0.2785571142284569,0.5921581050626963,0.6950000000000005,0.8539853035806886,0.6950000000000005,0.8533668053174279,0.6950000000000005,0.853675873038869
0.280561122244489,0.594176934844995,0.7000000000000005,0.8557769049669761,0.7000000000000005,0.8551615919005154,0.7000000000000005,0.8554690702766634
0.282565130260521,0.596185495332609,0.7050000000000005,0.8575465232476526,0.7050000000000005,0.8569344101489066,0.7050000000000005,0.8572402917762126
0.28456913827655306,0.598183850735809,0.7100000000000005,0.8592944281725275,0.7100000000000005,0.8586855289767457,0.7100000000000005,0.858989806868922
0.2865731462925851,0.6001720643579336,0.7150000000000005,0.8610208861797655,0.7150000000000005,0.8604152140043373,0.7150000000000005,0.8607178815834874
0.2885771543086172,0.6021501986255654,0.7200000000000005,0.8627261604367109,0.7200000000000005,0.8621237275987066,0.7200000000000005,0.8624247786865843
0.29058116232464926,0.6041183151174414,0.7250000000000005,0.8644105108801937,0.7250000000000005,0.8638113289136362,0.7250000000000005,0.8641107577230391
0.2925851703406813,0.6060764745921456,0.7300000000000005,0.8660741942563212,0.7300000000000005,0.8654782739291902,0.7300000000000005,0.8657760750554852
0.2945891783567134,0.6080247370146431,0.7350000000000005,0.8677174641597648,0.7350000000000005,0.8671248154907358,0.7350000000000005,0.8674209839035161
0.29659318637274545,0.609963161581702,0.7400000000000005,0.8693405710725518,0.7400000000000005,0.8687512033474688,0.7400000000000005,0.8690457343823419
0.2985971943887775,0.6118918067462525,0.7450000000000006,0.8709437624023669,0.7450000000000006,0.8703576841904483,0.7450000000000006,0.8706505735409572
0.3006012024048096,0.6138107302407314,0.7500000000000006,0.8725272825203739,0.7500000000000006,0.8719445016901585,0.7500000000000006,0.8722357453998305
0.30260521042084165,0.6157199890994515,0.7550000000000006,0.8740913727985579,0.7550000000000006,0.8735118965335882,0.7550000000000006,0.8738014909881162
0.3046092184368737,0.617619639680043,0.7600000000000006,0.8756362716466084,0.7600000000000006,0.8750601064608529,0.7600000000000006,0.8753480483804045
0.3066132264529058,0.6195097376840059,0.7650000000000006,0.8771622145483349,0.7650000000000006,0.8765893663013542,0.7650000000000006,0.8768756527330074
0.30861723446893785,0.6213903381764074,0.7700000000000006,0.8786694340976281,0.7700000000000006,0.8780999080094885,0.7700000000000006,0.8783845363197949
0.3106212424849699,0.6232614956047706,0.7750000000000006,0.8801581600339797,0.7750000000000006,0.8795919606999082,0.7750000000000006,0.8798749285675831
0.312625250501002,0.6251232638171784,0.7800000000000006,0.8816286192775521,0.7800000000000006,0.8810657506823475,0.7800000000000006,0.881347056091082
0.31462925851703405,0.6269756960796371,0.7850000000000006,0.8830810359638189,0.7850000000000006,0.882521501496011,0.7850000000000006,0.8828011427274086
0.3166332665330661,0.6288188450927239,0.7900000000000006,0.8845156314777727,0.7900000000000006,0.8839594339435386,0.7900000000000006,0.884237409570173
0.3186372745490982,0.6306527630075538,0.7950000000000006,0.8859326244877092,0.7950000000000006,0.8853797661245478,0.7950000000000006,0.8856560750031414
0.32064128256513025,0.6324775014410932,0.8000000000000006,0.887332230978593,0.8000000000000006,0.88678271346876,0.8000000000000006,0.8870573547334796
0.3226452905811623,0.6342931114908493,0.8050000000000006,0.8887146642850094,0.8050000000000006,0.8881684887687193,0.8050000000000006,0.8884414618245915
0.3246492985971944,0.6360996437489632,0.8100000000000006,0.8900801351237154,0.8100000000000006,0.889537302212103,0.8100000000000006,0.8898086067285447
0.32665330661322645,0.6378971483157292,0.8150000000000006,0.8914288516257755,0.8150000000000006,0.8908893614136373,0.8150000000000006,0.8911589973180996
0.3286573146292585,0.6396856748125693,0.8200000000000006,0.8927610193683166,0.8200000000000006,0.8922248714466166,0.8200000000000006,0.8924928389183432
0.3306613226452906,0.6414652723944835,0.8250000000000006,0.8940768414058776,0.8250000000000006,0.8935440348740356,0.8250000000000006,0.8938103343379312
0.33266533066132264,0.6432359897620001,0.8300000000000006,0.8953765183013798,0.8300000000000006,0.8948470517793352,0.8300000000000006,0.8951116838999464
0.33466933867735466,0.6449978751726456,0.8350000000000006,0.8966602481567152,0.8350000000000006,0.8961341197967754,0.8350000000000006,0.8963970854723747
0.3366733466933867,0.6467509764519582,0.8400000000000006,0.8979282266429546,0.8400000000000006,0.8974054341414264,0.8400000000000006,0.8976667344982103
0.3386773547094188,0.6484953410040607,0.8450000000000006,0.8991806470301855,0.8450000000000006,0.8986611876387985,0.8450000000000006,0.8989208240251837
0.34068136272545085,0.650231015821815,0.8500000000000006,0.9004177002169835,0.8500000000000006,0.8999015707541027,0.8500000000000006,0.9001595447351319
0.3426853707414829,0.6519580474965746,0.8550000000000006,0.9016395747595197,0.8550000000000006,0.9011267716211535,0.8550000000000006,0.9013830849729995
0.344689378757515,0.6536764822275524,0.8600000000000007,0.9028464569003108,0.8600000000000007,0.9023369760709172,0.8600000000000007,0.9025916307754897
0.34669338677354705,0.6553863658308212,0.8650000000000007,0.9040385305966148,0.8650000000000007,0.903532367659708,0.8650000000000007,0.9037853658993594
0.3486973947895791,0.6570877437479619,0.8700000000000007,0.9052159775484786,0.8700000000000007,0.9047131276970395,0.8700000000000007,0.9049644718493675
0.3507014028056112,0.6587806610543745,0.8750000000000007,0.9063789772264376,0.8750000000000007,0.9058794352731332,0.8750000000000007,0.9061291279058798
0.35270541082164325,0.6604651624672677,0.8800000000000007,0.9075277068988804,0.8800000000000007,0.9070314672860892,0.8800000000000007,0.9072795111521368
0.3547094188376753,0.662141292353339,0.8850000000000007,0.9086623416590719,0.8850000000000007,0.9081693984687262,0.8850000000000007,0.9084157965011826
0.3567134268537074,0.6638090947361599,0.8900000000000007,0.9097830544518467,0.8900000000000007,0.909293401415088,0.8900000000000007,0.9095381567224678
0.35871743486973945,0.6654686133032781,0.8950000000000007,0.9108900160999757,0.8950000000000007,0.9104036466066292,0.8950000000000007,0.9106467624681222
0.3607214428857715,0.6671198914130497,0.9000000000000007,0.9119833953302031,0.9000000000000007,0.9115003024380766,0.9000000000000007,0.9117417822989071
0.3627254509018036,0.6687629721012127,0.9050000000000007,0.9130633587989734,0.9050000000000007,0.9125835352429759,0.9050000000000007,0.9128233827098481
0.36472945891783565,0.6703978980872108,0.9100000000000007,0.9141300711178316,0.9100000000000007,0.9136535093189233,0.9100000000000007,0.9138917281555553
0.3667334669338677,0.6720247117802827,0.9150000000000007,0.9151836948785205,0.9150000000000007,0.9147103869524914,0.9150000000000007,0.9149469810752284
0.3687374749498998,0.6736434552853219,0.9200000000000007,0.9162243906777634,0.9200000000000007,0.915754328443842,0.9200000000000007,0.9159893019173622
0.37074148296593185,0.6752541704085205,0.9250000000000007,0.9172523171417453,0.9250000000000007,0.9167854921310477,0.9250000000000007,0.9170188491641409
0.3727454909819639,0.6768568986628041,0.9300000000000007,0.9182676309502937,0.9300000000000007,0.9178040344141071,0.9300000000000007,0.9180357793555401
0.374749498997996,0.6784516812730678,0.9350000000000007,0.9192704868607627,0.9350000000000007,0.9188101097786718,0.9350000000000007,0.9190402471131282
0.37675350701402804,0.680038559181222,0.9400000000000007,0.9202610377316225,0.9400000000000007,0.9198038708194752,0.9400000000000007,0.9200324051635802
0.3787575150300601,0.6816175730510535,0.9450000000000007,0.9212394345457577,0.9450000000000007,0.9207854682634844,0.9450000000000007,0.9210124043618992
0.3807615230460922,0.6831887632729149,0.9500000000000007,0.9222058264334855,0.9500000000000007,0.9217550509927595,0.9500000000000007,0.9219803937143557
0.38276553106212424,0.6847521699682426,0.9550000000000007,0.9231603606952862,0.9550000000000007,0.9227127660670379,0.9550000000000007,0.9229365204011459
0.38476953907815625,0.6863078329939192,0.9600000000000007,0.924103182824255,0.9600000000000007,0.923658758746041,0.9600000000000007,0.9238809297987689
0.3867735470941883,0.6878557919464774,0.9650000000000007,0.9250344365282818,0.9650000000000007,0.9245931725115059,0.9650000000000007,0.9248137655021345
0.3887775551102204,0.6893960861661607,0.9700000000000008,0.9259542637519543,0.9700000000000008,0.9255161490889515,0.9700000000000008,0.9257351693463952
0.39078156312625245,0.6909287547408413,0.9750000000000008,0.9268628046981947,0.9750000000000008,0.9264278284691735,0.9750000000000008,0.9266452814285143
0.3927855711422845,0.692453836509804,0.9800000000000008,0.9277601978496316,0.9800000000000008,0.9273283489294788,0.9800000000000008,0.9275442401285672
0.3947895791583166,0.6939713700674002,0.9850000000000008,0.9286465799897082,0.9850000000000008,0.9282178470546584,0.9850000000000008,0.9284321821307824
0.39679358717434865,0.6954813937665786,0.9900000000000008,0.9295220862235307,0.9900000000000008,0.9290964577577068,0.9900000000000008,0.9293092424443244
0.3987975951903807,0.6969839457222977,0.9950000000000008,0.9303868499984631,0.9950000000000008,0.9299643143002818,0.9950000000000008,0.9301755544238235
0.4008016032064128,0.6984790638148245,1.0000000000000007,0.9312410031244668,1.0000000000000007,0.9308215483129207,1.0000000000000007,0.9310312497896501
0.40280561122244485,0.6999667856929236,,,,,,
0.4048096192384769,0.7014471487769438,,,,,,
0.406813627254509,0.7029201902618035,,,,,,
0.40881763527054105,0.7043859471198812,,,,,,
0.4108216432865731,0.705844456103814,,,,,,
0.4128256513026052,0.7072957537492073,,,,,,
0.41482965931863724,0.7087398763772633,,,,,,
0.4168336673346693,0.7101768600973255,,,,,,
0.4188376753507014,0.711606740809347,,,,,,
0.42084168336673344,0.713029554206286,,,,,,
0.4228456913827655,0.7144453357764281,,,,,,
0.4248496993987976,0.7158541208056419,,,,,,
0.42685370741482964,0.7172559443795686,,,,,,
0.4288577154308617,0.7186508413857496,,,,,,
0.4308617234468938,0.7200388465156929,,,,,,
0.43286573146292584,0.721419994266883,,,,,,
0.4348697394789579,0.722794318944735,,,,,,
0.4368737474949899,0.7241618546644955,,,,,,
0.438877755511022,0.7255226353530927,,,,,,
0.44088176352705405,0.7268766947509385,,,,,,
0.4428857715430861,0.7282240664136819,,,,,,
0.4448897795591182,0.7295647837139198,,,,,,
0.44689378757515025,0.730898879842862,,,,,,
0.4488977955911823,0.7322263878119569,,,,,,
0.4509018036072144,0.7335473404544773,,,,,,
0.45290581162324645,0.7348617704270657,,,,,,
0.4549098196392785,0.7361697102112452,,,,,,
0.4569138276553106,0.7374711921148953,,,,,,
0.45891783567134264,0.7387662482736914,,,,,,
0.4609218436873747,0.7400549106525144,,,,,,
0.4629258517034068,0.7413372110468276,,,,,,
0.46492985971943884,0.7426131810840239,,,,,,
0.4669338677354709,0.7438828522247433,,,,,,
0.468937875751503,0.7451462557641646,,,,,,
0.47094188376753504,0.7464034228332687,,,,,,
0.4729458917835671,0.7476543844000757,,,,,,
0.4749498997995992,0.7488991712708594,,,,,,
0.47695390781563124,0.7501378140913356,,,,,,
0.4789579158316633,0.7513703433478298,,,,,,
0.48096192384769537,0.7525967893684209,,,,,,
0.48296593186372744,0.7538171823240644,,,,,,
0.4849699398797595,0.7550315522296956,,,,,,
0.48697394789579157,0.7562399289453127,,,,,,
0.4889779559118236,0.7574423421770397,,,,,,
0.49098196392785565,0.7586388214781742,,,,,,
0.4929859719438877,0.7598293962502142,,,,,,
0.4949899799599198,0.7610140957438691,,,,,,
0.49699398797595185,0.7621929490600554,,,,,,
0.4989979959919839,0.7633659851508742,,,,,,
0.501002004008016,0.7645332328205766,,,,,,
0.503006012024048,0.765694720726511,,,,,,
0.5050100200400801,0.7668504773800585,,,,,,
0.5070140280561122,0.7680005311475537,,,,,,
0.5090180360721442,0.7691449102511919,,,,,,
0.5110220440881763,0.7702836427699244,,,,,,
0.5130260521042084,0.7714167566403406,,,,,,
0.5150300601202404,0.772544279657538,,,,,,
0.5170340681362725,0.773666239475982,,,,,,
0.5190380761523046,0.7747826636103516,,,,,,
0.5210420841683366,0.7758935794363779,,,,,,
0.5230460921843687,0.7769990141916692,,,,,,
0.5250501002004008,0.7780989949765265,,,,,,
0.5270541082164328,0.7791935487547507,,,,,,
0.5290581162324649,0.7802827023544375,,,,,,
0.531062124248497,0.7813664824687664,,,,,,
0.533066132264529,0.7824449156567769,,,,,,
0.5350701402805611,0.7835180283441394,,,,,,
0.5370741482965932,0.7845858468239151,,,,,,
0.5390781563126252,0.7856483972573092,,,,,,
0.5410821643286573,0.786705705674415,,,,,,
0.5430861723446894,0.7877577979749522,,,,,,
0.5450901803607214,0.7888046999289938,,,,,,
0.5470941883767535,0.7898464371776907,,,,,,
0.5490981963927856,0.7908830352339844,,,,,,
0.5511022044088176,0.7919145194833163,,,,,,
0.5531062124248497,0.7929409151843279,,,,,,
0.5551102204408818,0.7939622474695556,,,,,,
0.5571142284569138,0.794978541346119,,,,,,
0.5591182364729459,0.795989821696402,,,,,,
0.561122244488978,0.7969961132787295,,,,,,
0.56312625250501,0.7979974407280361,,,,,,
0.565130260521042,0.7989938285565302,,,,,,
0.567134268537074,0.799985301154353,,,,,,
0.5691382765531061,0.8009718827902298,,,,,,
0.5711422845691382,0.8019535976121189,,,,,,
0.5731462925851702,0.802930469647852,,,,,,
0.5751503006012023,0.8039025228057716,,,,,,
0.5771543086172344,0.804869780875363,,,,,,
0.5791583166332664,0.8058322675278807,,,,,,
0.5811623246492985,0.8067900063169702,,,,,,
0.5831663326653306,0.8077430206792853,,,,,,
0.5851703406813626,0.8086913339351004,,,,,,
0.5871743486973947,0.809634969288919,,,,,,
0.5891783567134268,0.8105739498300761,,,,,,
0.5911823647294588,0.8115082985333386,,,,,,
0.5931863727454909,0.8124380382594985,,,,,,
0.595190380761523,0.8133631917559646,,,,,,
0.597194388777555,0.8142837816573486,,,,,,
0.5991983967935871,0.8151998304860473,,,,,,
0.6012024048096192,0.8161113606528206,,,,,,
0.6032064128256512,0.8170183944573667,,,,,,
0.6052104208416833,0.8179209540888919,,,,,,
0.6072144288577154,0.8188190616266772,,,,,,
0.6092184368737474,0.8197127390406419,,,,,,
0.6112224448897795,0.8206020081919028,,,,,,
0.6132264529058116,0.821486890833329,,,,,,
0.6152304609218436,0.8223674086100953,,,,,,
0.6172344689378757,0.8232435830602296,,,,,,
0.6192384769539078,0.8241154356151588,,,,,,
0.6212424849699398,0.82498298760025,,,,,,
0.6232464929859719,0.8258462602353493,,,,,,
0.625250501002004,0.8267052746353167,,,,,,
0.627254509018036,0.8275600518105573,,,,,,
0.6292585170340681,0.8284106126675508,,,,,,
0.6312625250501002,0.8292569780093759,,,,,,
0.6332665330661322,0.8300991685362331,,,,,,
0.6352705410821643,0.8309372048459638,,,,,,
0.6372745490981964,0.8317711074345657,,,,,,
0.6392785571142284,0.8326008966967064,,,,,,
0.6412825651302605,0.8334265929262336,,,,,,
0.6432865731462926,0.834248216316681,,,,,,
0.6452905811623246,0.8350657869617739,,,,,,
0.6472945891783567,0.8358793248559291,,,,,,
0.6492985971943888,0.8366888498947542,,,,,,
0.6513026052104208,0.8374943818755427,,,,,,
0.6533066132264529,0.8382959404977667,,,,,,
0.655310621242485,0.8390935453635673,,,,,,
0.657314629258517,0.8398872159782409,,,,,,
0.6593186372745491,0.840676971750725,,,,,,
0.6613226452905812,0.8414628319940789,,,,,,
0.6633266533066132,0.8422448159259632,,,,,,
0.6653306613226453,0.8430229426691167,,,,,,
0.6673346693386772,0.84379723125183,,,,,,
0.6693386773547093,0.8445677006084167,,,,,,
0.6713426853707414,0.8453343695796822,,,,,,
0.6733466933867734,0.8460972569133904,,,,,,
0.6753507014028055,0.846856381264727,,,,,,
0.6773547094188376,0.8476117611967601,,,,,,
0.6793587174348696,0.8483634151809006,,,,,,
0.6813627254509017,0.849111361597357,,,,,,
0.6833667334669338,0.8498556187355895,,,,,,
0.6853707414829658,0.8505962047947621,,,,,,
0.6873747494989979,0.851333137884191,,,,,,
0.68937875751503,0.8520664360237915,,,,,,
0.691382765531062,0.8527961171445226,,,,,,
0.6933867735470941,0.8535221990888283,,,,,,
0.6953907815631262,0.8542446996110779,,,,,,
0.6973947895791582,0.8549636363780031,,,,,,
0.6993987975951903,0.8556790269691332,,,,,,
0.7014028056112224,0.8563908888772274,,,,,,
0.7034068136272544,0.857099239508706,,,,,,
0.7054108216432865,0.8578040961840788,,,,,,
0.7074148296593186,0.8585054761383705,,,,,,
0.7094188376753506,0.8592033965215446,,,,,,
0.7114228456913827,0.8598978743989265,,,,,,
0.7134268537074148,0.8605889267516209,,,,,,
0.7154308617234468,0.8612765704769312,,,,,,
0.7174348697394789,0.8619608223887731,,,,,,
0.719438877755511,0.8626416992180891,,,,,,
0.721442885771543,0.863319217613258,,,,,,
0.7234468937875751,0.8639933941405054,,,,,,
0.7254509018036072,0.864664245284309,,,,,,
0.7274549098196392,0.8653317874478044,,,,,,
0.7294589178356713,0.8659960369531874,,,,,,
0.7314629258517034,0.8666570100421142,,,,,,
0.7334669338677354,0.8673147228761008,,,,,,
0.7354709418837675,0.8679691915369188,,,,,,
0.7374749498997996,0.86862043202699,,,,,,
0.7394789579158316,0.86926846026978,,,,,,
0.7414829659318637,0.8699132921101871,,,,,,
0.7434869739478958,0.8705549433149321,,,,,,
0.7454909819639278,0.8711934295729442,,,,,,
0.7474949899799599,0.8718287664957467,,,,,,
0.749498997995992,0.8724609696178381,,,,,,
0.751503006012024,0.8730900543970748,,,,,,
0.7535070140280561,0.873716036215048,,,,,,
0.7555110220440882,0.8743389303774626,,,,,,
0.7575150300601202,0.8749587521145107,,,,,,
0.7595190380761523,0.8755755165812459,,,,,,
0.7615230460921844,0.8761892388579541,,,,,,
0.7635270541082164,0.8767999339505227,,,,,,
0.7655310621242485,0.8774076167908091,,,,,,
0.7675350701402806,0.8780123022370058,,,,,,
0.7695390781563125,0.8786140050740041,,,,,,
0.7715430861723446,0.8792127400137575,,,,,,
0.7735470941883766,0.8798085216956401,,,,,,
0.7755511022044087,0.8804013646868065,,,,,,
0.7775551102204408,0.8809912834825487,,,,,,
0.7795591182364728,0.8815782925066495,,,,,,
0.7815631262525049,0.8821624061117376,,,,,,
0.783567134268537,0.8827436385796372,,,,,,
0.785571142284569,0.8833220041217191,,,,,,
0.7875751503006011,0.8838975168792479,,,,,,
0.7895791583166332,0.8844701909237281,,,,,,
0.7915831663326652,0.8850400402572489,,,,,,
0.7935871743486973,0.8856070788128266,,,,,,
0.7955911823647294,0.8861713204547461,,,,,,
0.7975951903807614,0.8867327789788997,,,,,,
0.7995991983967935,0.887291468113125,,,,,,
0.8016032064128256,0.8878474015175409,,,,,,
0.8036072144288576,0.8884005927848819,,,,,,
0.8056112224448897,0.888951055440831,,,,,,
0.8076152304609218,0.8894988029443495,,,,,,
0.8096192384769538,0.890043848688008,,,,,,
0.8116232464929859,0.8905862059983133,,,,,,
0.813627254509018,0.891125888136034,,,,,,
0.81563126252505,0.8916629082965261,,,,,,
0.8176352705410821,0.8921972796100546,,,,,,
0.8196392785571142,0.8927290151421158,,,,,,
0.8216432865731462,0.8932581278937565,,,,,,
0.8236472945891783,0.8937846308018919,,,,,,
0.8256513026052104,0.8943085367396225,,,,,,
0.8276553106212424,0.8948298585165487,,,,,,
0.8296593186372745,0.8953486088790844,,,,,,
0.8316633266533066,0.8958648005107689,,,,,,
0.8336673346693386,0.8963784460325763,,,,,,
0.8356713426853707,0.8968895580032259,,,,,,
0.8376753507014028,0.8973981489194877,,,,,,
0.8396793587174348,0.8979042312164889,,,,,,
0.8416833667334669,0.8984078172680184,,,,,,
0.843687374749499,0.8989089193868286,,,,,,
0.845691382765531,0.8994075498249372,,,,,,
0.8476953907815631,0.8999037207739269,,,,,,
0.8496993987975952,0.9003974443652429,,,,,,
0.8517034068136272,0.9008887326704905,,,,,,
0.8537074148296593,0.9013775977017301,,,,,,
0.8557114228456913,0.9018640514117703,,,,,,
0.8577154308617234,0.9023481056944613,,,,,,
0.8597194388777555,0.9028297723849852,,,,,,
0.8617234468937875,0.9033090632601452,,,,,,
0.8637274549098196,0.9037859900386545,,,,,,
0.8657314629258517,0.9042605643814219,,,,,,
0.8677354709418837,0.9047327978918378,,,,,,
0.8697394789579158,0.9052027021160575,,,,,,
0.8717434869739479,0.9056702885432836,,,,,,
0.8737474949899798,0.9061355686060473,,,,,,
0.8757515030060119,0.9065985536804875,,,,,,
0.877755511022044,0.9070592550866294,,,,,,
0.879759519038076,0.9075176840886615,,,,,,
0.8817635270541081,0.9079738518952102,,,,,,
0.8837675350701402,0.9084277696596147,,,,,,
0.8857715430861722,0.9088794484801997,,,,,,
0.8877755511022043,0.9093288994005467,,,,,,
0.8897795591182364,0.9097761334097635,,,,,,
0.8917835671342684,0.9102211614427538,,,,,,
0.8937875751503005,0.9106639943804841,,,,,,
0.8957915831663326,0.9111046430502497,,,,,,
0.8977955911823646,0.91154311822594,,,,,,
0.8997995991983967,0.9119794306283017,,,,,,
0.9018036072144288,0.9124135909252004,,,,,,
0.9038076152304608,0.9128456097318821,,,,,,
0.9058116232464929,0.9132754976112328,,,,,,
0.907815631262525,0.9137032650740365,,,,,,
0.909819639278557,0.9141289225792323,,,,,,
0.9118236472945891,0.9145524805341702,,,,,,
0.9138276553106212,0.9149739492948654,,,,,,
0.9158316633266532,0.915393339166252,,,,,,
0.9178356713426853,0.9158106604024344,,,,,,
0.9198396793587174,0.9162259232069384,,,,,,
0.9218436873747494,0.9166391377329607,,,,,,
0.9238476953907815,0.9170503140836169,,,,,,
0.9258517034068136,0.9174594623121888,,,,,,
0.9278557114228456,0.9178665924223701,,,,,,
0.9298597194388777,0.9182717143685111,,,,,,
0.9318637274549098,0.9186748380558619,,,,,,
0.9338677354709418,0.9190759733408151,,,,,,
0.9358717434869739,0.9194751300311461,,,,,,
0.937875751503006,0.9198723178862535,,,,,,
0.939879759519038,0.920267546617397,,,,,,
0.9418837675350701,0.9206608258879361,,,,,,
0.9438877755511021,0.9210521653135652,,,,,,
0.9458917835671342,0.9214415744625492,,,,,,
0.9478957915831663,0.9218290628559573,,,,,,
0.9498997995991983,0.9222146399678964,,,,,,
0.9519038076152304,0.9225983152257418,,,,,,
0.9539078156312625,0.9229800980103681,,,,,,
0.9559118236472945,0.9233599976563792,,,,,,
0.9579158316633266,0.9237380234523356,,,,,,
0.9599198396793587,0.9241141846409816,,,,,,
0.9619238476953907,0.9244884904194726,,,,,,
0.9639278557114228,0.9248609499395977,,,,,,
0.9659318637274549,0.9252315723080058,,,,,,
0.9679358717434869,0.9256003665864269,,,,,,
0.969939879759519,0.9259673417918937,,,,,,
0.9719438877755511,0.9263325068969626,,,,,,
0.9739478957915831,0.9266958708299329,,,,,,
0.9759519038076151,0.9270574424750648,,,,,,
0.9779559118236472,0.9274172306727972,,,,,,
0.9799599198396792,0.9277752442199636,,,,,,
0.9819639278557113,0.9281314918700064,,,,,,
0.9839679358717434,0.9284859823331926,,,,,,
0.9859719438877754,0.9288387242768251,,,,,,
0.9879759519038075,0.9291897263254557,,,,,,
0.9899799599198396,0.9295389970610954,,,,,,
0.9919839679358716,0.9298865450234248,,,,,,
0.9939879759519037,0.9302323787100022,,,,,,
0.9959919839679358,0.930576506576472,,,,,,
0.9979959919839678,0.9309189370367706,,,,,,
1.0,0.9312596784633337,,,,,,
